0.936905, 0.016020, 0.920748, 24000000, 1000000, 3.14005522336205178391, -0.00153743022774133209
0.912848, 0.016025, 0.896682, 24000000, 1000000, 3.14005522336205178391, -0.00153743022774133209
0.913616, 0.016101, 0.897377, 24000000, 1000000, 3.14005522336205178391, -0.00153743022774133209
0.911606, 0.016026, 0.895441, 24000000, 1000000, 3.14005522336205178391, -0.00153743022774133209
0.913511, 0.016031, 0.897339, 24000000, 1000000, 3.14005522336205178391, -0.00153743022774133209
0.930899, 0.016009, 0.914758, 24000000, 1000000, 3.14005522336205178391, -0.00153743022774133209
0.932252, 0.016051, 0.916063, 24000000, 1000000, 3.14005522336205178391, -0.00153743022774133209
0.924940, 0.016084, 0.908717, 24000000, 1000000, 3.14005522336205178391, -0.00153743022774133209
0.926791, 0.016034, 0.910620, 24000000, 1000000, 3.14005522336205178391, -0.00153743022774133209
0.912676, 0.016055, 0.896484, 24000000, 1000000, 3.14005522336205178391, -0.00153743022774133209
0.966094, 0.016091, 0.949862, 24000000, 1000000, 3.14005522336205178391, -0.00153743022774133209
0.932080, 0.016104, 0.915838, 24000000, 1000000, 3.14005522336205178391, -0.00153743022774133209
0.930964, 0.016096, 0.914729, 24000000, 1000000, 3.14005522336205178391, -0.00153743022774133209
0.927265, 0.016081, 0.911043, 24000000, 1000000, 3.14005522336205178391, -0.00153743022774133209
0.948870, 0.016096, 0.932637, 24000000, 1000000, 3.14005522336205178391, -0.00153743022774133209
0.913709, 0.016048, 0.897525, 24000000, 1000000, 3.14005522336205178391, -0.00153743022774133209
0.943888, 0.016021, 0.927737, 24000000, 1000000, 3.14005522336205178391, -0.00153743022774133209
0.945134, 0.016111, 0.928880, 24000000, 1000000, 3.14005522336205178391, -0.00153743022774133209
0.935600, 0.016067, 0.919399, 24000000, 1000000, 3.14005522336205178391, -0.00153743022774133209
0.933344, 0.016040, 0.917165, 24000000, 1000000, 3.14005522336205178391, -0.00153743022774133209
0.926343, 0.016112, 0.910087, 24000000, 1000000, 3.14005522336205178391, -0.00153743022774133209
0.929066, 0.016031, 0.912905, 24000000, 1000000, 3.14005522336205178391, -0.00153743022774133209
0.911692, 0.016117, 0.895439, 24000000, 1000000, 3.14005522336205178391, -0.00153743022774133209
0.899433, 0.016049, 0.883247, 24000000, 1000000, 3.14005522336205178391, -0.00153743022774133209
0.913017, 0.016057, 0.896824, 24000000, 1000000, 3.14005522336205178391, -0.00153743022774133209
0.960967, 0.016110, 0.944713, 24000000, 1000000, 3.14005522336205178391, -0.00153743022774133209
0.925563, 0.016104, 0.909318, 24000000, 1000000, 3.14005522336205178391, -0.00153743022774133209
0.932031, 0.016072, 0.915821, 24000000, 1000000, 3.14005522336205178391, -0.00153743022774133209
0.936788, 0.016103, 0.920523, 24000000, 1000000, 3.14005522336205178391, -0.00153743022774133209
0.915980, 0.016037, 0.899807, 24000000, 1000000, 3.14005522336205178391, -0.00153743022774133209
0.951725, 0.016130, 0.935437, 24000000, 1000000, 3.14005522336205178391, -0.00153743022774133209
0.950425, 0.016101, 0.934183, 24000000, 1000000, 3.14005522336205178391, -0.00153743022774133209
0.958404, 0.016104, 0.942162, 24000000, 1000000, 3.14005522336205178391, -0.00153743022774133209
0.924301, 0.016060, 0.908103, 24000000, 1000000, 3.14005522336205178391, -0.00153743022774133209
0.922521, 0.016114, 0.906268, 24000000, 1000000, 3.14005522336205178391, -0.00153743022774133209
0.923675, 0.016116, 0.907420, 24000000, 1000000, 3.22025170466474941477, 0.07865905107495629878
0.953086, 0.016113, 0.936834, 24000000, 1000000, 3.14005522336205178391, -0.00153743022774133209
0.924996, 0.016242, 0.908613, 24000000, 1000000, 3.14005522336205178391, -0.00153743022774133209
0.945189, 0.016038, 0.929021, 24000000, 1000000, 3.14005522336205178391, -0.00153743022774133209
0.941064, 0.016069, 0.924856, 24000000, 1000000, 3.14005522336205178391, -0.00153743022774133209
0.926578, 0.016117, 0.910317, 24000000, 1000000, 3.14005522336205178391, -0.00153743022774133209
0.921977, 0.016090, 0.905748, 24000000, 1000000, 3.14005522336205178391, -0.00153743022774133209
0.916869, 0.016058, 0.900671, 24000000, 1000000, 3.14005522336205178391, -0.00153743022774133209
0.925972, 0.016102, 0.909731, 24000000, 1000000, 3.14005522336205178391, -0.00153743022774133209
0.935866, 0.016035, 0.919691, 24000000, 1000000, 3.14005522336205178391, -0.00153743022774133209
0.934801, 0.016069, 0.918595, 24000000, 1000000, 3.14005522336205178391, -0.00153743022774133209
0.909709, 0.016093, 0.893479, 24000000, 1000000, 3.14005522336205178391, -0.00153743022774133209
0.921782, 0.016056, 0.905588, 24000000, 1000000, 3.14005522336205178391, -0.00153743022774133209
0.898137, 0.016035, 0.881959, 24000000, 1000000, 3.14005522336205178391, -0.00153743022774133209
0.940801, 0.016052, 0.924609, 24000000, 1000000, 3.14005522336205178391, -0.00153743022774133209
0.941131, 0.016114, 0.924879, 24000000, 1000000, 3.14005522336205178391, -0.00153743022774133209
0.927134, 0.016087, 0.910890, 24000000, 1000000, 3.14005522336205178391, -0.00153743022774133209
0.956245, 0.016058, 0.940046, 24000000, 1000000, 3.14005522336205178391, -0.00153743022774133209
0.935698, 0.016093, 0.919476, 24000000, 1000000, 3.14005522336205178391, -0.00153743022774133209
0.959409, 0.016115, 0.943128, 24000000, 1000000, 3.14005522336205178391, -0.00153743022774133209
0.929920, 0.016051, 0.913732, 24000000, 1000000, 3.14005522336205178391, -0.00153743022774133209
0.910669, 0.016072, 0.894458, 24000000, 1000000, 3.14005522336205178391, -0.00153743022774133209
0.926153, 0.016110, 0.909898, 24000000, 1000000, 3.14005522336205178391, -0.00153743022774133209
0.932091, 0.016116, 0.915816, 24000000, 1000000, 3.14005522336205178391, -0.00153743022774133209
0.898665, 0.016043, 0.882480, 24000000, 1000000, 3.14005522336205178391, -0.00153743022774133209
0.919047, 0.016058, 0.902849, 24000000, 1000000, 3.14005522336205178391, -0.00153743022774133209
0.940353, 0.016105, 0.924108, 24000000, 1000000, 3.14005522336205178391, -0.00153743022774133209
0.898201, 0.016017, 0.882044, 24000000, 1000000, 3.14005522336205178391, -0.00153743022774133209
0.927438, 0.016071, 0.911234, 24000000, 1000000, 3.14005522336205178391, -0.00153743022774133209
0.940361, 0.016108, 0.924113, 24000000, 1000000, 3.14005522336205178391, -0.00153743022774133209
0.947887, 0.016144, 0.931603, 24000000, 1000000, 3.14005522336205178391, -0.00153743022774133209
0.923302, 0.016035, 0.907130, 24000000, 1000000, 3.14005522336205178391, -0.00153743022774133209
0.944547, 0.016128, 0.928267, 24000000, 1000000, 3.14005522336205178391, -0.00153743022774133209
0.935381, 0.016055, 0.919195, 24000000, 1000000, 3.14005522336205178391, -0.00153743022774133209
0.937415, 0.016084, 0.921195, 24000000, 1000000, 3.14005522336205178391, -0.00153743022774133209
0.896766, 0.016025, 0.880603, 24000000, 1000000, 3.14005522336205178391, -0.00153743022774133209
0.934668, 0.016010, 0.918530, 24000000, 1000000, 3.14005522336205178391, -0.00153743022774133209
0.935785, 0.016052, 0.919596, 24000000, 1000000, 3.14005522336205178391, -0.00153743022774133209
0.923697, 0.016138, 0.907388, 24000000, 1000000, 3.14005522336205178391, -0.00153743022774133209
0.927480, 0.016124, 0.911217, 24000000, 1000000, 3.14005522336205178391, -0.00153743022774133209
0.937047, 0.016108, 0.920802, 24000000, 1000000, 3.14005522336205178391, -0.00153743022774133209
0.909139, 0.016080, 0.892919, 24000000, 1000000, 3.14005522336205178391, -0.00153743022774133209
0.951096, 0.016218, 0.934740, 24000000, 1000000, 3.14005522336205178391, -0.00153743022774133209
0.898846, 0.016026, 0.882683, 24000000, 1000000, 3.14005522336205178391, -0.00153743022774133209
0.911476, 0.016058, 0.895280, 24000000, 1000000, 3.14005522336205178391, -0.00153743022774133209
0.916538, 0.016046, 0.900350, 24000000, 1000000, 3.14005522336205178391, -0.00153743022774133209
0.930905, 0.016137, 0.914623, 24000000, 1000000, 3.14005522336205178391, -0.00153743022774133209
0.947003, 0.016106, 0.930753, 24000000, 1000000, 3.14005522336205178391, -0.00153743022774133209
0.922401, 0.016056, 0.906207, 24000000, 1000000, 3.14005522336205178391, -0.00153743022774133209
0.924629, 0.016121, 0.908366, 24000000, 1000000, 3.14005522336205178391, -0.00153743022774133209
0.913693, 0.016040, 0.897517, 24000000, 1000000, 3.14005522336205178391, -0.00153743022774133209
0.912278, 0.016066, 0.896075, 24000000, 1000000, 3.14005522336205178391, -0.00153743022774133209
0.915266, 0.016054, 0.899072, 24000000, 1000000, 3.14005522336205178391, -0.00153743022774133209
0.925997, 0.016123, 0.909735, 24000000, 1000000, 3.14005522336205178391, -0.00153743022774133209
0.912572, 0.016050, 0.896382, 24000000, 1000000, 3.14005522336205178391, -0.00153743022774133209
0.938381, 0.016285, 0.921870, 24000000, 1000000, 3.14005522336205178391, -0.00153743022774133209
1.014160, 0.016044, 0.997978, 24000000, 1000000, 3.14005522336205178391, -0.00153743022774133209
0.956918, 0.016111, 0.940669, 24000000, 1000000, 3.14005522336205178391, -0.00153743022774133209
0.925634, 0.016095, 0.909398, 24000000, 1000000, 3.14005522336205178391, -0.00153743022774133209
0.926409, 0.016129, 0.910143, 24000000, 1000000, 3.14005522336205178391, -0.00153743022774133209
0.924734, 0.016004, 0.908593, 24000000, 1000000, 3.14005522336205178391, -0.00153743022774133209
0.988513, 0.016129, 0.972242, 24000000, 1000000, 3.14005522336205178391, -0.00153743022774133209
0.924981, 0.016040, 0.908801, 24000000, 1000000, 3.14005522336205178391, -0.00153743022774133209
0.898187, 0.016039, 0.882007, 24000000, 1000000, 3.14005522336205178391, -0.00153743022774133209
0.923715, 0.016142, 0.907432, 24000000, 1000000, 3.21566304992720208844, 0.07407039633740897244
0.978454, 0.032140, 0.946173, 48000000, 1000000, 3.14004478766879735474, -0.00154786592099576126
0.941514, 0.032169, 0.909205, 48000000, 1000000, 3.14004478766879735474, -0.00154786592099576126
0.914496, 0.032042, 0.882315, 48000000, 1000000, 3.14004478766879735474, -0.00154786592099576126
0.925483, 0.032094, 0.893249, 48000000, 1000000, 3.14004478766879735474, -0.00154786592099576126
0.963678, 0.032271, 0.931267, 48000000, 1000000, 3.16977092998177711891, 0.02817827639198400291
0.989754, 0.032126, 0.957489, 48000000, 1000000, 3.14004478766879735474, -0.00154786592099576126
0.947586, 0.032186, 0.915259, 48000000, 1000000, 3.14004478766879735474, -0.00154786592099576126
0.943280, 0.032053, 0.911094, 48000000, 1000000, 3.14004478766879735474, -0.00154786592099576126
0.929150, 0.032029, 0.896982, 48000000, 1000000, 3.14004478766879735474, -0.00154786592099576126
0.926372, 0.031982, 0.894258, 48000000, 1000000, 3.14004478766879735474, -0.00154786592099576126
0.965180, 0.032276, 0.932766, 48000000, 1000000, 3.14004478766879735474, -0.00154786592099576126
0.946396, 0.032201, 0.914050, 48000000, 1000000, 3.14004478766879735474, -0.00154786592099576126
0.929738, 0.032064, 0.897531, 48000000, 1000000, 3.14004478766879735474, -0.00154786592099576126
0.926303, 0.032041, 0.894122, 48000000, 1000000, 3.14004478766879735474, -0.00154786592099576126
0.946275, 0.032146, 0.913970, 48000000, 1000000, 3.14004478766879735474, -0.00154786592099576126
0.974602, 0.032190, 0.942273, 48000000, 1000000, 3.14004478766879735474, -0.00154786592099576126
0.917561, 0.032027, 0.885398, 48000000, 1000000, 3.17201163306678424192, 0.03041897947699112592
0.942376, 0.031998, 0.910244, 48000000, 1000000, 3.14004478766879735474, -0.00154786592099576126
0.962711, 0.032011, 0.930569, 48000000, 1000000, 3.14004478766879735474, -0.00154786592099576126
0.992930, 0.031990, 0.960808, 48000000, 1000000, 3.14004478766879735474, -0.00154786592099576126
0.943234, 0.032196, 0.910898, 48000000, 1000000, 3.14004478766879735474, -0.00154786592099576126
0.924110, 0.032243, 0.891697, 48000000, 1000000, 3.14004478766879735474, -0.00154786592099576126
0.963549, 0.032093, 0.931316, 48000000, 1000000, 3.14004478766879735474, -0.00154786592099576126
0.929253, 0.032035, 0.897075, 48000000, 1000000, 3.14004478766879735474, -0.00154786592099576126
0.979348, 0.031970, 0.947247, 48000000, 1000000, 3.14004478766879735474, -0.00154786592099576126
0.946865, 0.032185, 0.914540, 48000000, 1000000, 3.14004478766879735474, -0.00154786592099576126
0.937340, 0.032035, 0.905162, 48000000, 1000000, 3.14004478766879735474, -0.00154786592099576126
0.971826, 0.032161, 0.939525, 48000000, 1000000, 3.14004478766879735474, -0.00154786592099576126
0.927837, 0.032131, 0.895566, 48000000, 1000000, 3.14004478766879735474, -0.00154786592099576126
0.945467, 0.032144, 0.913182, 48000000, 1000000, 3.14004478766879735474, -0.00154786592099576126
0.930502, 0.032037, 0.898327, 48000000, 1000000, 3.14004478766879735474, -0.00154786592099576126
0.938197, 0.032122, 0.905935, 48000000, 1000000, 3.14004478766879735474, -0.00154786592099576126
0.948055, 0.032173, 0.915743, 48000000, 1000000, 3.14004478766879735474, -0.00154786592099576126
0.980892, 0.032323, 0.948405, 48000000, 1000000, 3.14004478766879735474, -0.00154786592099576126
0.953172, 0.032073, 0.920956, 48000000, 1000000, 3.14004478766879735474, -0.00154786592099576126
0.929817, 0.032039, 0.897635, 48000000, 1000000, 3.14004478766879735474, -0.00154786592099576126
0.946096, 0.032139, 0.913817, 48000000, 1000000, 3.14004478766879735474, -0.00154786592099576126
0.972078, 0.032135, 0.939802, 48000000, 1000000, 3.14004478766879735474, -0.00154786592099576126
0.927647, 0.031968, 0.895549, 48000000, 1000000, 3.14004478766879735474, -0.00154786592099576126
0.964471, 0.032341, 0.931955, 48000000, 1000000, 3.14004478766879735474, -0.00154786592099576126
0.974671, 0.032427, 0.942061, 48000000, 1000000, 3.14004478766879735474, -0.00154786592099576126
0.954012, 0.032055, 0.921814, 48000000, 1000000, 3.14004478766879735474, -0.00154786592099576126
0.934004, 0.032040, 0.901826, 48000000, 1000000, 3.14004478766879735474, -0.00154786592099576126
0.940915, 0.032145, 0.908632, 48000000, 1000000, 3.14004478766879735474, -0.00154786592099576126
0.928860, 0.032061, 0.896659, 48000000, 1000000, 3.14004478766879735474, -0.00154786592099576126
0.935111, 0.032064, 0.902910, 48000000, 1000000, 3.14004478766879735474, -0.00154786592099576126
0.954692, 0.032200, 0.922353, 48000000, 1000000, 3.14004478766879735474, -0.00154786592099576126
0.928981, 0.032060, 0.896777, 48000000, 1000000, 3.14004478766879735474, -0.00154786592099576126
0.926534, 0.032147, 0.894249, 48000000, 1000000, 3.14004478766879735474, -0.00154786592099576126
0.929096, 0.032037, 0.896921, 48000000, 1000000, 3.14004478766879735474, -0.00154786592099576126
0.927508, 0.032063, 0.895306, 48000000, 1000000, 3.14004478766879735474, -0.00154786592099576126
0.974731, 0.032138, 0.942448, 48000000, 1000000, 3.14004478766879735474, -0.00154786592099576126
0.974328, 0.032180, 0.942009, 48000000, 1000000, 3.14004478766879735474, -0.00154786592099576126
0.974769, 0.032668, 0.941885, 48000000, 1000000, 3.14004478766879735474, -0.00154786592099576126
0.944143, 0.032034, 0.911977, 48000000, 1000000, 3.14004478766879735474, -0.00154786592099576126
0.999961, 0.032043, 0.967779, 48000000, 1000000, 3.14004478766879735474, -0.00154786592099576126
0.928535, 0.032116, 0.896287, 48000000, 1000000, 3.14004478766879735474, -0.00154786592099576126
0.932683, 0.032043, 0.900507, 48000000, 1000000, 3.14431550660509406825, 0.00272285301530095225
0.951502, 0.032062, 0.919301, 48000000, 1000000, 3.14004478766879735474, -0.00154786592099576126
0.976390, 0.032114, 0.944135, 48000000, 1000000, 3.14004478766879735474, -0.00154786592099576126
0.940114, 0.031975, 0.908004, 48000000, 1000000, 3.14004478766879735474, -0.00154786592099576126
0.930119, 0.032102, 0.897878, 48000000, 1000000, 3.14004478766879735474, -0.00154786592099576126
0.952796, 0.032151, 0.920506, 48000000, 1000000, 3.14004478766879735474, -0.00154786592099576126
0.943681, 0.032153, 0.911391, 48000000, 1000000, 3.14004478766879735474, -0.00154786592099576126
0.927702, 0.032128, 0.895434, 48000000, 1000000, 3.14004478766879735474, -0.00154786592099576126
0.963597, 0.032201, 0.931258, 48000000, 1000000, 3.14004478766879735474, -0.00154786592099576126
0.926447, 0.031973, 0.894343, 48000000, 1000000, 3.14004478766879735474, -0.00154786592099576126
0.930151, 0.032060, 0.897945, 48000000, 1000000, 3.14004478766879735474, -0.00154786592099576126
0.940128, 0.032144, 0.907843, 48000000, 1000000, 3.14004478766879735474, -0.00154786592099576126
0.964683, 0.032105, 0.932420, 48000000, 1000000, 3.14004478766879735474, -0.00154786592099576126
0.960161, 0.032081, 0.927940, 48000000, 1000000, 3.17415570957822179565, 0.03256305598842867965
0.915054, 0.032151, 0.882764, 48000000, 1000000, 3.14004478766879735474, -0.00154786592099576126
0.948888, 0.032066, 0.916684, 48000000, 1000000, 3.14004478766879735474, -0.00154786592099576126
0.943580, 0.032168, 0.911272, 48000000, 1000000, 3.14004478766879735474, -0.00154786592099576126
0.915395, 0.032045, 0.883208, 48000000, 1000000, 3.14004478766879735474, -0.00154786592099576126
0.937049, 0.032011, 0.904904, 48000000, 1000000, 3.14004478766879735474, -0.00154786592099576126
0.929403, 0.032093, 0.897171, 48000000, 1000000, 3.14004478766879735474, -0.00154786592099576126
0.953981, 0.032150, 0.921686, 48000000, 1000000, 3.14004478766879735474, -0.00154786592099576126
0.945618, 0.032247, 0.913230, 48000000, 1000000, 3.14004478766879735474, -0.00154786592099576126
0.998991, 0.031982, 0.966879, 48000000, 1000000, 3.14004478766879735474, -0.00154786592099576126
0.954049, 0.031996, 0.921921, 48000000, 1000000, 3.14004478766879735474, -0.00154786592099576126
0.977894, 0.032095, 0.945666, 48000000, 1000000, 3.14004478766879735474, -0.00154786592099576126
0.952420, 0.032041, 0.920239, 48000000, 1000000, 3.14004478766879735474, -0.00154786592099576126
0.952940, 0.032038, 0.920765, 48000000, 1000000, 3.14004478766879735474, -0.00154786592099576126
0.944018, 0.032169, 0.911708, 48000000, 1000000, 3.14004478766879735474, -0.00154786592099576126
0.917891, 0.032040, 0.885719, 48000000, 1000000, 3.14004478766879735474, -0.00154786592099576126
0.954272, 0.032091, 0.922042, 48000000, 1000000, 3.14004478766879735474, -0.00154786592099576126
0.998608, 0.032189, 0.966252, 48000000, 1000000, 3.14004478766879735474, -0.00154786592099576126
0.944180, 0.032165, 0.911872, 48000000, 1000000, 3.14004478766879735474, -0.00154786592099576126
0.937638, 0.032185, 0.905316, 48000000, 1000000, 3.14004478766879735474, -0.00154786592099576126
0.932057, 0.032089, 0.899828, 48000000, 1000000, 3.14004478766879735474, -0.00154786592099576126
0.940496, 0.032170, 0.908185, 48000000, 1000000, 3.14004478766879735474, -0.00154786592099576126
0.934584, 0.032052, 0.902394, 48000000, 1000000, 3.14004478766879735474, -0.00154786592099576126
0.963548, 0.032060, 0.931349, 48000000, 1000000, 3.14004478766879735474, -0.00154786592099576126
0.973273, 0.032421, 0.940662, 48000000, 1000000, 3.14004478766879735474, -0.00154786592099576126
0.951374, 0.032000, 0.919245, 48000000, 1000000, 3.14004478766879735474, -0.00154786592099576126
0.954877, 0.032008, 0.922731, 48000000, 1000000, 3.14004478766879735474, -0.00154786592099576126
0.942410, 0.032181, 0.910090, 48000000, 1000000, 3.14004478766879735474, -0.00154786592099576126
0.942781, 0.032169, 0.910470, 48000000, 1000000, 3.14004478766879735474, -0.00154786592099576126
0.928193, 0.032049, 0.896006, 48000000, 1000000, 3.14004478766879735474, -0.00154786592099576126
0.982008, 0.064023, 0.917843, 96000000, 1000000, 3.14003959669429422163, -0.00155305689549889436
1.019444, 0.064266, 0.955035, 96000000, 1000000, 3.14003959669429422163, -0.00155305689549889436
0.992707, 0.064385, 0.928175, 96000000, 1000000, 3.14003959669429422163, -0.00155305689549889436
0.972601, 0.063949, 0.908519, 96000000, 1000000, 3.14003959669429422163, -0.00155305689549889436
1.033067, 0.064709, 0.968173, 96000000, 1000000, 3.14003959669429422163, -0.00155305689549889436
0.964283, 0.064050, 0.900092, 96000000, 1000000, 3.14003959669429422163, -0.00155305689549889436
0.974110, 0.064225, 0.909745, 96000000, 1000000, 3.14003959669429422163, -0.00155305689549889436
0.996455, 0.064790, 0.931490, 96000000, 1000000, 3.14003959669429422163, -0.00155305689549889436
0.975026, 0.064259, 0.910626, 96000000, 1000000, 3.14003959669429422163, -0.00155305689549889436
0.959446, 0.064019, 0.895284, 96000000, 1000000, 3.14003959669429422163, -0.00155305689549889436
0.965423, 0.064044, 0.901238, 96000000, 1000000, 3.14003959669429422163, -0.00155305689549889436
0.955496, 0.064008, 0.891347, 96000000, 1000000, 3.14003959669429422163, -0.00155305689549889436
0.957871, 0.064061, 0.893668, 96000000, 1000000, 3.14003959669429422163, -0.00155305689549889436
0.962032, 0.064181, 0.897714, 96000000, 1000000, 3.14003959669429422163, -0.00155305689549889436
0.972839, 0.064293, 0.908402, 96000000, 1000000, 3.14003959669429422163, -0.00155305689549889436
0.949423, 0.064012, 0.885271, 96000000, 1000000, 3.14003959669429422163, -0.00155305689549889436
0.982905, 0.064034, 0.918729, 96000000, 1000000, 3.14003959669429422163, -0.00155305689549889436
1.023120, 0.064008, 0.958972, 96000000, 1000000, 3.14003959669429422163, -0.00155305689549889436
0.991613, 0.063921, 0.927561, 96000000, 1000000, 3.14003959669429422163, -0.00155305689549889436
0.989971, 0.064171, 0.925665, 96000000, 1000000, 3.14003959669429422163, -0.00155305689549889436
0.966338, 0.064036, 0.902163, 96000000, 1000000, 3.14003959669429422163, -0.00155305689549889436
0.946103, 0.064097, 0.881867, 96000000, 1000000, 3.14003959669429422163, -0.00155305689549889436
0.995805, 0.064382, 0.931282, 96000000, 1000000, 3.14003959669429422163, -0.00155305689549889436
0.982085, 0.064405, 0.917524, 96000000, 1000000, 3.14003959669429422163, -0.00155305689549889436
0.980985, 0.064055, 0.916790, 96000000, 1000000, 3.14003959669429422163, -0.00155305689549889436
1.017966, 0.064360, 0.953466, 96000000, 1000000, 3.16517852952811651335, 0.02358587593832339735
0.960007, 0.063974, 0.895902, 96000000, 1000000, 3.14003959669429422163, -0.00155305689549889436
0.994862, 0.064334, 0.930386, 96000000, 1000000, 3.14003959669429422163, -0.00155305689549889436
0.958391, 0.063997, 0.894256, 96000000, 1000000, 3.14003959669429422163, -0.00155305689549889436
0.994564, 0.064292, 0.930131, 96000000, 1000000, 3.14003959669429422163, -0.00155305689549889436
0.971407, 0.063962, 0.907313, 96000000, 1000000, 3.14003959669429422163, -0.00155305689549889436
1.006452, 0.064328, 0.941978, 96000000, 1000000, 3.14289372654105392257, 0.00130107295126080658
0.974092, 0.064277, 0.909669, 96000000, 1000000, 3.14003959669429422163, -0.00155305689549889436
0.964470, 0.064071, 0.900260, 96000000, 1000000, 3.14003959669429422163, -0.00155305689549889436
0.974827, 0.064263, 0.910424, 96000000, 1000000, 3.15945233970152639102, 0.01785968611173327503
0.970000, 0.064019, 0.905843, 96000000, 1000000, 3.14003959669429422163, -0.00155305689549889436
0.975413, 0.064174, 0.911099, 96000000, 1000000, 3.14003959669429422163, -0.00155305689549889436
0.995349, 0.064283, 0.930928, 96000000, 1000000, 3.15483468883926931881, 0.01324203524947620281
0.945935, 0.064131, 0.881664, 96000000, 1000000, 3.14003959669429422163, -0.00155305689549889436
0.985524, 0.064038, 0.921344, 96000000, 1000000, 3.14003959669429422163, -0.00155305689549889436
0.982115, 0.064065, 0.917910, 96000000, 1000000, 3.14003959669429422163, -0.00155305689549889436
0.993422, 0.063970, 0.929322, 96000000, 1000000, 3.14003959669429422163, -0.00155305689549889436
0.996683, 0.064575, 0.931934, 96000000, 1000000, 3.14003959669429422163, -0.00155305689549889436
1.007103, 0.063932, 0.943037, 96000000, 1000000, 3.14003959669429422163, -0.00155305689549889436
0.962809, 0.064037, 0.898632, 96000000, 1000000, 3.14003959669429422163, -0.00155305689549889436
0.946222, 0.064088, 0.881994, 96000000, 1000000, 3.14003959669429422163, -0.00155305689549889436
0.973609, 0.063928, 0.909549, 96000000, 1000000, 3.14003959669429422163, -0.00155305689549889436
0.973649, 0.064269, 0.909239, 96000000, 1000000, 3.14003959669429422163, -0.00155305689549889436
1.006665, 0.064225, 0.942298, 96000000, 1000000, 3.14003959669429422163, -0.00155305689549889436
0.993918, 0.063941, 0.929843, 96000000, 1000000, 3.14003959669429422163, -0.00155305689549889436
1.005318, 0.064157, 0.941021, 96000000, 1000000, 3.14003959669429422163, -0.00155305689549889436
0.993674, 0.063919, 0.929623, 96000000, 1000000, 3.14003959669429422163, -0.00155305689549889436
0.967277, 0.063940, 0.903207, 96000000, 1000000, 3.14003959669429422163, -0.00155305689549889436
1.023909, 0.064100, 0.959670, 96000000, 1000000, 3.14003959669429422163, -0.00155305689549889436
0.985588, 0.064201, 0.921248, 96000000, 1000000, 3.15538819612649357182, 0.01379554253670045583
0.975635, 0.064036, 0.911460, 96000000, 1000000, 3.14003959669429422163, -0.00155305689549889436
0.961090, 0.064047, 0.896903, 96000000, 1000000, 3.14003959669429422163, -0.00155305689549889436
0.989587, 0.064100, 0.925347, 96000000, 1000000, 3.14003959669429422163, -0.00155305689549889436
0.961005, 0.064052, 0.896813, 96000000, 1000000, 3.14003959669429422163, -0.00155305689549889436
0.980397, 0.064096, 0.916161, 96000000, 1000000, 3.14003959669429422163, -0.00155305689549889436
0.955077, 0.064137, 0.890798, 96000000, 1000000, 3.15428522370797148611, 0.01269257011817837011
1.009753, 0.064315, 0.945296, 96000000, 1000000, 3.14003959669429422163, -0.00155305689549889436
0.972348, 0.063950, 0.908266, 96000000, 1000000, 3.14003959669429422163, -0.00155305689549889436
0.984963, 0.064039, 0.920786, 96000000, 1000000, 3.14003959669429422163, -0.00155305689549889436
0.981371, 0.064147, 0.917085, 96000000, 1000000, 3.14003959669429422163, -0.00155305689549889436
0.961724, 0.064035, 0.897547, 96000000, 1000000, 3.14003959669429422163, -0.00155305689549889436
0.973321, 0.064267, 0.908913, 96000000, 1000000, 3.14003959669429422163, -0.00155305689549889436
0.960132, 0.064118, 0.895873, 96000000, 1000000, 3.14003959669429422163, -0.00155305689549889436
0.991970, 0.064166, 0.927661, 96000000, 1000000, 3.14003959669429422163, -0.00155305689549889436
1.018364, 0.064318, 0.953905, 96000000, 1000000, 3.14003959669429422163, -0.00155305689549889436
0.962308, 0.064140, 0.898029, 96000000, 1000000, 3.14003959669429422163, -0.00155305689549889436
0.982084, 0.064367, 0.917573, 96000000, 1000000, 3.14003959669429422163, -0.00155305689549889436
0.974929, 0.063999, 0.910797, 96000000, 1000000, 3.14003959669429422163, -0.00155305689549889436
0.985422, 0.064082, 0.921201, 96000000, 1000000, 3.14003959669429422163, -0.00155305689549889436
0.994666, 0.064621, 0.929868, 96000000, 1000000, 3.14003959669429422163, -0.00155305689549889436
0.993907, 0.064368, 0.929399, 96000000, 1000000, 3.14003959669429422163, -0.00155305689549889436
0.972724, 0.064283, 0.908300, 96000000, 1000000, 3.14003959669429422163, -0.00155305689549889436
0.973915, 0.064104, 0.909672, 96000000, 1000000, 3.14003959669429422163, -0.00155305689549889436
0.983388, 0.064774, 0.918445, 96000000, 1000000, 3.14003959669429422163, -0.00155305689549889436
0.973895, 0.064356, 0.909399, 96000000, 1000000, 3.14003959669429422163, -0.00155305689549889436
0.946029, 0.064085, 0.881806, 96000000, 1000000, 3.14003959669429422163, -0.00155305689549889436
0.972166, 0.064282, 0.907740, 96000000, 1000000, 3.14003959669429422163, -0.00155305689549889436
0.985806, 0.064207, 0.921457, 96000000, 1000000, 3.14003959669429422163, -0.00155305689549889436
0.996147, 0.064394, 0.931613, 96000000, 1000000, 3.14003959669429422163, -0.00155305689549889436
0.973187, 0.064364, 0.908682, 96000000, 1000000, 3.14003959669429422163, -0.00155305689549889436
0.973099, 0.064072, 0.908887, 96000000, 1000000, 3.14003959669429422163, -0.00155305689549889436
0.997875, 0.064303, 0.933432, 96000000, 1000000, 3.14003959669429422163, -0.00155305689549889436
0.964831, 0.064636, 0.900011, 96000000, 1000000, 3.14003959669429422163, -0.00155305689549889436
0.975386, 0.064220, 0.911026, 96000000, 1000000, 3.14003959669429422163, -0.00155305689549889436
0.979666, 0.064113, 0.915411, 96000000, 1000000, 3.14003959669429422163, -0.00155305689549889436
0.995825, 0.064269, 0.931416, 96000000, 1000000, 3.14003959669429422163, -0.00155305689549889436
0.961653, 0.064010, 0.897497, 96000000, 1000000, 3.14003959669429422163, -0.00155305689549889436
0.984070, 0.064071, 0.919857, 96000000, 1000000, 3.14003959669429422163, -0.00155305689549889436
0.985452, 0.064338, 0.920969, 96000000, 1000000, 3.14003959669429422163, -0.00155305689549889436
0.997644, 0.064285, 0.933220, 96000000, 1000000, 3.14003959669429422163, -0.00155305689549889436
0.974470, 0.064354, 0.909974, 96000000, 1000000, 3.14003959669429422163, -0.00155305689549889436
0.976501, 0.064259, 0.912103, 96000000, 1000000, 3.14003959669429422163, -0.00155305689549889436
0.966728, 0.064080, 0.902509, 96000000, 1000000, 3.16035982582736441060, 0.01876717223757129460
0.967976, 0.064277, 0.903559, 96000000, 1000000, 3.14003959669429422163, -0.00155305689549889436
0.966163, 0.064038, 0.901976, 96000000, 1000000, 3.14003959669429422163, -0.00155305689549889436
